NAME	TITLE	SCORE	
SLC16A6	solute carrier family 16 member 6 [Source:HGNC Symbol;Acc:HGNC:10927]	0.71942997	
SAMD5	sterile alpha motif domain containing 5 [Source:HGNC Symbol;Acc:HGNC:21180]	0.6350387	
HTR7	5-hydroxytryptamine receptor 7 [Source:HGNC Symbol;Acc:HGNC:5302]	0.6050135	
ATP9A	ATPase phospholipid transporting 9A (putative) [Source:HGNC Symbol;Acc:HGNC:13540]	0.5420607	
YTHDC2	YTH domain containing 2 [Source:HGNC Symbol;Acc:HGNC:24721]	0.5276929	
RPPH1-2P	ribonuclease P RNA component H1, 2 pseudogene [Source:HGNC Symbol;Acc:HGNC:47029]	0.5075112	
MMP23B	matrix metallopeptidase 23B [Source:HGNC Symbol;Acc:HGNC:7171]	0.5030798	
NCKAP1L	NCK associated protein 1 like [Source:HGNC Symbol;Acc:HGNC:4862]	0.48860717	
SLC35E2A	solute carrier family 35 member E2A [Source:HGNC Symbol;Acc:HGNC:20863]	0.47513103	
ATP8A1	ATPase phospholipid transporting 8A1 [Source:HGNC Symbol;Acc:HGNC:13531]	0.46851435	
KCNH4	potassium voltage-gated channel subfamily H member 4 [Source:HGNC Symbol;Acc:HGNC:6253]	0.43941155	
FOXK2	forkhead box K2 [Source:HGNC Symbol;Acc:HGNC:6036]	0.43206257	
SAMD12	sterile alpha motif domain containing 12 [Source:HGNC Symbol;Acc:HGNC:31750]	0.4271131	
KCNMA1	potassium calcium-activated channel subfamily M alpha 1 [Source:HGNC Symbol;Acc:HGNC:6284]	0.42349884	
RASGRF1	Ras protein specific guanine nucleotide releasing factor 1 [Source:HGNC Symbol;Acc:HGNC:9875]	0.4114197	
GPR68	G protein-coupled receptor 68 [Source:HGNC Symbol;Acc:HGNC:4519]	0.41028458	
LRRC75A	leucine rich repeat containing 75A [Source:HGNC Symbol;Acc:HGNC:32403]	0.406386	
CYTL1	cytokine like 1 [Source:HGNC Symbol;Acc:HGNC:24435]	0.40593338	
FAM135B	family with sequence similarity 135 member B [Source:HGNC Symbol;Acc:HGNC:28029]	0.39497232	
SUSD2	sushi domain containing 2 [Source:HGNC Symbol;Acc:HGNC:30667]	0.39375177	
BFSP1	beaded filament structural protein 1 [Source:HGNC Symbol;Acc:HGNC:1040]	0.3937409	
XK	X-linked Kx blood group [Source:HGNC Symbol;Acc:HGNC:12811]	0.3875009	
TPPP	tubulin polymerization promoting protein [Source:HGNC Symbol;Acc:HGNC:24164]	0.38265726	
CYTH2	cytohesin 2 [Source:HGNC Symbol;Acc:HGNC:9502]	0.3737373	
PLCB1	phospholipase C beta 1 [Source:HGNC Symbol;Acc:HGNC:15917]	0.37186283	
SHISAL2A	shisa like 2A [Source:HGNC Symbol;Acc:HGNC:28757]	0.36487818	
SLC35G1	solute carrier family 35 member G1 [Source:HGNC Symbol;Acc:HGNC:26607]	0.34868395	
FRMD5	FERM domain containing 5 [Source:HGNC Symbol;Acc:HGNC:28214]	0.34830013	
ARHGAP22	Rho GTPase activating protein 22 [Source:HGNC Symbol;Acc:HGNC:30320]	0.3463762	
CACNA2D3	calcium voltage-gated channel auxiliary subunit alpha2delta 3 [Source:HGNC Symbol;Acc:HGNC:15460]	0.34563953	
SAMD4B	sterile alpha motif domain containing 4B [Source:HGNC Symbol;Acc:HGNC:25492]	0.34142295	
DHX35	DEAH-box helicase 35 [Source:HGNC Symbol;Acc:HGNC:15861]	0.3344845	
DNAH10	dynein axonemal heavy chain 10 [Source:HGNC Symbol;Acc:HGNC:2941]	0.31171858	
ADAMTS7	ADAM metallopeptidase with thrombospondin type 1 motif 7 [Source:HGNC Symbol;Acc:HGNC:223]	0.30966514	
KCNV1	potassium voltage-gated channel modifier subfamily V member 1 [Source:HGNC Symbol;Acc:HGNC:18861]	0.30593103	
DGKI	diacylglycerol kinase iota [Source:HGNC Symbol;Acc:HGNC:2855]	0.3058833	
CHST8	carbohydrate sulfotransferase 8 [Source:HGNC Symbol;Acc:HGNC:15993]	0.30422428	
TSC22D3	TSC22 domain family member 3 [Source:HGNC Symbol;Acc:HGNC:3051]	0.3016458	
IYD	iodotyrosine deiodinase [Source:HGNC Symbol;Acc:HGNC:21071]	0.29933032	
CDK2AP1	cyclin dependent kinase 2 associated protein 1 [Source:HGNC Symbol;Acc:HGNC:14002]	0.29665518	
ANKFN1	ankyrin repeat and fibronectin type III domain containing 1 [Source:HGNC Symbol;Acc:HGNC:26766]	0.29361427	
PCDH8	protocadherin 8 [Source:HGNC Symbol;Acc:HGNC:8660]	0.28664553	
MACIR	macrophage immunometabolism regulator [Source:HGNC Symbol;Acc:HGNC:25052]	0.28636596	
NABP2	nucleic acid binding protein 2 [Source:HGNC Symbol;Acc:HGNC:28412]	0.2824177	
MFN1	mitofusin 1 [Source:HGNC Symbol;Acc:HGNC:18262]	0.27720132	
RIMBP2	RIMS binding protein 2 [Source:HGNC Symbol;Acc:HGNC:30339]	0.2753707	
SLC35D3	solute carrier family 35 member D3 [Source:HGNC Symbol;Acc:HGNC:15621]	0.2749414	
GJD2	gap junction protein delta 2 [Source:HGNC Symbol;Acc:HGNC:19154]	0.27142352	
ACSF3	acyl-CoA synthetase family member 3 [Source:HGNC Symbol;Acc:HGNC:27288]	0.26968756	
PRRG3	proline rich and Gla domain 3 [Source:HGNC Symbol;Acc:HGNC:30798]	0.26697013	
GPR151	G protein-coupled receptor 151 [Source:HGNC Symbol;Acc:HGNC:23624]	0.26403305	
MCOLN3	mucolipin TRP cation channel 3 [Source:HGNC Symbol;Acc:HGNC:13358]	0.26324508	
PRDM15	PR/SET domain 15 [Source:HGNC Symbol;Acc:HGNC:13999]	0.26179224	
ABCD2	ATP binding cassette subfamily D member 2 [Source:HGNC Symbol;Acc:HGNC:66]	0.25520143	
TADA1	transcriptional adaptor 1 [Source:HGNC Symbol;Acc:HGNC:30631]	0.2549794	
FRMD7	FERM domain containing 7 [Source:HGNC Symbol;Acc:HGNC:8079]	0.2547882	
CDH18	cadherin 18 [Source:HGNC Symbol;Acc:HGNC:1757]	0.25447723	
TENM3	teneurin transmembrane protein 3 [Source:HGNC Symbol;Acc:HGNC:29944]	0.2540886	
PLEKHB1	pleckstrin homology domain containing B1 [Source:HGNC Symbol;Acc:HGNC:19079]	0.25219604	
ISCU	iron-sulfur cluster assembly enzyme [Source:HGNC Symbol;Acc:HGNC:29882]	0.24764563	
TMC1	transmembrane channel like 1 [Source:HGNC Symbol;Acc:HGNC:16513]	0.2432422	
TCF4	transcription factor 4 [Source:HGNC Symbol;Acc:HGNC:11634]	0.24291801	
ZNF335	zinc finger protein 335 [Source:HGNC Symbol;Acc:HGNC:15807]	0.24175435	
RNF5	ring finger protein 5 [Source:HGNC Symbol;Acc:HGNC:10068]	0.2404636	
RASGRP2	RAS guanyl releasing protein 2 [Source:HGNC Symbol;Acc:HGNC:9879]	0.24022272	
SORCS3	sortilin related VPS10 domain containing receptor 3 [Source:HGNC Symbol;Acc:HGNC:16699]	0.2399818	
MINAR1	membrane integral NOTCH2 associated receptor 1 [Source:HGNC Symbol;Acc:HGNC:29172]	0.238903	
SRCIN1	SRC kinase signaling inhibitor 1 [Source:HGNC Symbol;Acc:HGNC:29506]	0.23494968	
ZNF821	zinc finger protein 821 [Source:HGNC Symbol;Acc:HGNC:28043]	0.23419812	
EPB41L2	erythrocyte membrane protein band 4.1 like 2 [Source:HGNC Symbol;Acc:HGNC:3379]	0.2322206	
PCMTD2	protein-L-isoaspartate (D-aspartate) O-methyltransferase domain containing 2 [Source:HGNC Symbol;Acc:HGNC:15882]	0.23043965	
GNAZ	G protein subunit alpha z [Source:HGNC Symbol;Acc:HGNC:4395]	0.2290233	
PRKAR2B	protein kinase cAMP-dependent type II regulatory subunit beta [Source:HGNC Symbol;Acc:HGNC:9392]	0.22768044	
CDCP1	CUB domain containing protein 1 [Source:HGNC Symbol;Acc:HGNC:24357]	0.22744797	
PLCB2	phospholipase C beta 2 [Source:HGNC Symbol;Acc:HGNC:9055]	0.22651985	
FAM163A	family with sequence similarity 163 member A [Source:HGNC Symbol;Acc:HGNC:28274]	0.22556084	
KCNIP1	potassium voltage-gated channel interacting protein 1 [Source:HGNC Symbol;Acc:HGNC:15521]	0.22537139	
TRAPPC9	trafficking protein particle complex subunit 9 [Source:HGNC Symbol;Acc:HGNC:30832]	0.22525702	
ANPEP	alanyl aminopeptidase, membrane [Source:HGNC Symbol;Acc:HGNC:500]	0.22308911	
CDK18	cyclin dependent kinase 18 [Source:HGNC Symbol;Acc:HGNC:8751]	0.22184609	
SYNDIG1	synapse differentiation inducing 1 [Source:HGNC Symbol;Acc:HGNC:15885]	0.22164132	
KCNIP4	potassium voltage-gated channel interacting protein 4 [Source:HGNC Symbol;Acc:HGNC:30083]	0.2195303	
HECTD4	HECT domain E3 ubiquitin protein ligase 4 [Source:HGNC Symbol;Acc:HGNC:26611]	0.21852717	
EIF3J	eukaryotic translation initiation factor 3 subunit J [Source:HGNC Symbol;Acc:HGNC:3270]	0.21775764	
ACVR1C	activin A receptor type 1C [Source:HGNC Symbol;Acc:HGNC:18123]	0.21144512	
FRMD4A	FERM domain containing 4A [Source:HGNC Symbol;Acc:HGNC:25491]	0.20987807	
PDZD4	PDZ domain containing 4 [Source:HGNC Symbol;Acc:HGNC:21167]	0.20693627	
MTFP1	mitochondrial fission process 1 [Source:HGNC Symbol;Acc:HGNC:26945]	0.20656623	
ERC1	ELKS/RAB6-interacting/CAST family member 1 [Source:HGNC Symbol;Acc:HGNC:17072]	0.20347244	
PSMD4	proteasome 26S subunit ubiquitin receptor, non-ATPase 4 [Source:HGNC Symbol;Acc:HGNC:9561]	0.20238926	
XKR4	XK related 4 [Source:HGNC Symbol;Acc:HGNC:29394]	0.2021386	
NHLRC3	NHL repeat containing 3 [Source:HGNC Symbol;Acc:HGNC:33751]	0.20024979	
RNF157	ring finger protein 157 [Source:HGNC Symbol;Acc:HGNC:29402]	0.19968395	
ZNF512B	zinc finger protein 512B [Source:HGNC Symbol;Acc:HGNC:29212]	0.19935587	
CIR1	corepressor interacting with RBPJ, CIR1 [Source:HGNC Symbol;Acc:HGNC:24217]	0.1973484	
CC2D1A	coiled-coil and C2 domain containing 1A [Source:HGNC Symbol;Acc:HGNC:30237]	0.19668536	
PLXNA1	plexin A1 [Source:HGNC Symbol;Acc:HGNC:9099]	0.19620483	
SNORA7A	small nucleolar RNA, H/ACA box 7A [Source:HGNC Symbol;Acc:HGNC:32592]	0.19371295	
SNORA69	small nucleolar RNA, H/ACA box 69 [Source:HGNC Symbol;Acc:HGNC:10226]	0.19371295	
CCKAR	cholecystokinin A receptor [Source:HGNC Symbol;Acc:HGNC:1570]	0.19120753	
MAP3K13	mitogen-activated protein kinase kinase kinase 13 [Source:HGNC Symbol;Acc:HGNC:6852]	0.19049995	
MAPK8IP1	mitogen-activated protein kinase 8 interacting protein 1 [Source:HGNC Symbol;Acc:HGNC:6882]	0.19036795	
SNTA1	syntrophin alpha 1 [Source:HGNC Symbol;Acc:HGNC:11167]	0.1900612	
GNB4	G protein subunit beta 4 [Source:HGNC Symbol;Acc:HGNC:20731]	0.18950509	
CSRNP3	cysteine and serine rich nuclear protein 3 [Source:HGNC Symbol;Acc:HGNC:30729]	0.18903726	
RIC1	RIC1 homolog, RAB6A GEF complex partner 1 [Source:HGNC Symbol;Acc:HGNC:17686]	0.18829735	
NRXN2	neurexin 2 [Source:HGNC Symbol;Acc:HGNC:8009]	0.18802454	
ZNF521	zinc finger protein 521 [Source:HGNC Symbol;Acc:HGNC:24605]	0.18560877	
GAN	gigaxonin [Source:HGNC Symbol;Acc:HGNC:4137]	0.1854168	
CHST13	carbohydrate sulfotransferase 13 [Source:HGNC Symbol;Acc:HGNC:21755]	0.18536802	
RSBN1	round spermatid basic protein 1 [Source:HGNC Symbol;Acc:HGNC:25642]	0.18455882	
RNF208	ring finger protein 208 [Source:HGNC Symbol;Acc:HGNC:25420]	0.18416983	
SGCZ	sarcoglycan zeta [Source:HGNC Symbol;Acc:HGNC:14075]	0.18214536	
FAT4	FAT atypical cadherin 4 [Source:HGNC Symbol;Acc:HGNC:23109]	0.1803759	
FCHSD2	FCH and double SH3 domains 2 [Source:HGNC Symbol;Acc:HGNC:29114]	0.18033503	
SMARCA4	SWI/SNF related, matrix associated, actin dependent regulator of chromatin, subfamily a, member 4 [Source:HGNC Symbol;Acc:HGNC:11100]	0.17760481	
EPHB3	EPH receptor B3 [Source:HGNC Symbol;Acc:HGNC:3394]	0.17757273	
CACFD1	calcium channel flower domain containing 1 [Source:HGNC Symbol;Acc:HGNC:1365]	0.17517072	
RNF180	ring finger protein 180 [Source:HGNC Symbol;Acc:HGNC:27752]	0.17366114	
LHX3	LIM homeobox 3 [Source:HGNC Symbol;Acc:HGNC:6595]	0.17335401	
SPAG9	sperm associated antigen 9 [Source:HGNC Symbol;Acc:HGNC:14524]	0.17329521	
NAV1	neuron navigator 1 [Source:HGNC Symbol;Acc:HGNC:15989]	0.17025928	
TP53I3	tumor protein p53 inducible protein 3 [Source:HGNC Symbol;Acc:HGNC:19373]	0.16886419	
RETSAT	retinol saturase [Source:HGNC Symbol;Acc:HGNC:25991]	0.16827461	
WDR70	WD repeat domain 70 [Source:HGNC Symbol;Acc:HGNC:25495]	0.16698666	
GABRR1	gamma-aminobutyric acid type A receptor subunit rho1 [Source:HGNC Symbol;Acc:HGNC:4090]	0.16693346	
RTKN	rhotekin [Source:HGNC Symbol;Acc:HGNC:10466]	0.16689515	
FBXO48	F-box protein 48 [Source:HGNC Symbol;Acc:HGNC:33857]	0.16491714	
RASA2	RAS p21 protein activator 2 [Source:HGNC Symbol;Acc:HGNC:9872]	0.16437261	
KIRREL3	kirre like nephrin family adhesion molecule 3 [Source:HGNC Symbol;Acc:HGNC:23204]	0.16335407	
GABRB2	gamma-aminobutyric acid type A receptor subunit beta2 [Source:HGNC Symbol;Acc:HGNC:4082]	0.16311872	
GARNL3	GTPase activating Rap/RanGAP domain like 3 [Source:HGNC Symbol;Acc:HGNC:25425]	0.16278549	
ANKRD50	ankyrin repeat domain containing 50 [Source:HGNC Symbol;Acc:HGNC:29223]	0.1619844	
EVA1A	eva-1 homolog A, regulator of programmed cell death [Source:HGNC Symbol;Acc:HGNC:25816]	0.16145255	
ZNF462	zinc finger protein 462 [Source:HGNC Symbol;Acc:HGNC:21684]	0.16104865	
KIAA1755	KIAA1755 [Source:HGNC Symbol;Acc:HGNC:29372]	0.15569739	
BICD2	BICD cargo adaptor 2 [Source:HGNC Symbol;Acc:HGNC:17208]	0.15548645	
AMDHD1	amidohydrolase domain containing 1 [Source:HGNC Symbol;Acc:HGNC:28577]	0.15468796	
CCDC39	coiled-coil domain containing 39 [Source:HGNC Symbol;Acc:HGNC:25244]	0.15456247	
GPR89B	G protein-coupled receptor 89B [Source:HGNC Symbol;Acc:HGNC:13840]	0.15443714	
RSPH1	radial spoke head component 1 [Source:HGNC Symbol;Acc:HGNC:12371]	0.15168664	
RPS17	ribosomal protein S17 [Source:HGNC Symbol;Acc:HGNC:10397]	0.14968821	
CARTPT	CART prepropeptide [Source:HGNC Symbol;Acc:HGNC:24323]	0.14965424	
RFESD	Rieske Fe-S domain containing [Source:HGNC Symbol;Acc:HGNC:29587]	0.14964323	
SRBD1	S1 RNA binding domain 1 [Source:HGNC Symbol;Acc:HGNC:25521]	0.1493292	
MED9	mediator complex subunit 9 [Source:HGNC Symbol;Acc:HGNC:25487]	0.1490331	
GRIK2	glutamate ionotropic receptor kainate type subunit 2 [Source:HGNC Symbol;Acc:HGNC:4580]	0.14783548	
SHC3	SHC adaptor protein 3 [Source:HGNC Symbol;Acc:HGNC:18181]	0.1464241	
DISP3	dispatched RND transporter family member 3 [Source:HGNC Symbol;Acc:HGNC:29251]	0.14546417	
SLC18A1	solute carrier family 18 member A1 [Source:HGNC Symbol;Acc:HGNC:10934]	0.14536074	
ARMC6	armadillo repeat containing 6 [Source:HGNC Symbol;Acc:HGNC:25049]	0.14513937	
JMY	junction mediating and regulatory protein, p53 cofactor [Source:HGNC Symbol;Acc:HGNC:28916]	0.1443581	
FEZ2	fasciculation and elongation protein zeta 2 [Source:HGNC Symbol;Acc:HGNC:3660]	0.14427978	
BEND4	BEN domain containing 4 [Source:HGNC Symbol;Acc:HGNC:23815]	0.14276254	
CNNM1	cyclin and CBS domain divalent metal cation transport mediator 1 [Source:HGNC Symbol;Acc:HGNC:102]	0.14103112	
PARD3	par-3 family cell polarity regulator [Source:HGNC Symbol;Acc:HGNC:16051]	0.14090888	
GARRE1	granule associated Rac and RHOG effector 1 [Source:HGNC Symbol;Acc:HGNC:29016]	0.13654314	
MCMDC2	minichromosome maintenance domain containing 2 [Source:HGNC Symbol;Acc:HGNC:26368]	0.13598655	
HTRA2	HtrA serine peptidase 2 [Source:HGNC Symbol;Acc:HGNC:14348]	0.13552618	
UNC5C	unc-5 netrin receptor C [Source:HGNC Symbol;Acc:HGNC:12569]	0.13539751	
GMEB2	glucocorticoid modulatory element binding protein 2 [Source:HGNC Symbol;Acc:HGNC:4371]	0.13441221	
GID4	GID complex subunit 4 homolog [Source:HGNC Symbol;Acc:HGNC:28453]	0.13426918	
MPRIP	myosin phosphatase Rho interacting protein [Source:HGNC Symbol;Acc:HGNC:30321]	0.13266477	
OSCP1	organic solute carrier partner 1 [Source:HGNC Symbol;Acc:HGNC:29971]	0.13170563	
PRMT8	protein arginine methyltransferase 8 [Source:HGNC Symbol;Acc:HGNC:5188]	0.13135083	
RAPGEF4	Rap guanine nucleotide exchange factor 4 [Source:HGNC Symbol;Acc:HGNC:16626]	0.12990253	
DDX17	DEAD-box helicase 17 [Source:HGNC Symbol;Acc:HGNC:2740]	0.12807162	
MFAP4	microfibril associated protein 4 [Source:HGNC Symbol;Acc:HGNC:7035]	0.12683524	
GALNTL6	polypeptide N-acetylgalactosaminyltransferase like 6 [Source:HGNC Symbol;Acc:HGNC:33844]	0.12611657	
RIN2	Ras and Rab interactor 2 [Source:HGNC Symbol;Acc:HGNC:18750]	0.1250975	
CLPB	caseinolytic mitochondrial matrix peptidase chaperone subunit B [Source:HGNC Symbol;Acc:HGNC:30664]	0.12158011	
SLC7A1	solute carrier family 7 member 1 [Source:HGNC Symbol;Acc:HGNC:11057]	0.12076561	
P2RY14	purinergic receptor P2Y14 [Source:HGNC Symbol;Acc:HGNC:16442]	0.12027971	
EML4	EMAP like 4 [Source:HGNC Symbol;Acc:HGNC:1316]	0.12021188	
ANOS1	anosmin 1 [Source:HGNC Symbol;Acc:HGNC:6211]	0.118827075	
KIF2A	kinesin family member 2A [Source:HGNC Symbol;Acc:HGNC:6318]	0.11689459	
TRIM67	tripartite motif containing 67 [Source:HGNC Symbol;Acc:HGNC:31859]	0.11451999	
TESK1	testis associated actin remodelling kinase 1 [Source:HGNC Symbol;Acc:HGNC:11731]	0.113933995	
NUP85	nucleoporin 85 [Source:HGNC Symbol;Acc:HGNC:8734]	0.11216056	
HMBOX1	homeobox containing 1 [Source:HGNC Symbol;Acc:HGNC:26137]	0.11154736	
SHKBP1	SH3KBP1 binding protein 1 [Source:HGNC Symbol;Acc:HGNC:19214]	0.11064315	
KHDRBS3	KH RNA binding domain containing, signal transduction associated 3 [Source:HGNC Symbol;Acc:HGNC:18117]	0.11038494	
JPH3	junctophilin 3 [Source:HGNC Symbol;Acc:HGNC:14203]	0.10781399	
NFX1	nuclear transcription factor, X-box binding 1 [Source:HGNC Symbol;Acc:HGNC:7803]	0.10735587	
PRSS35	serine protease 35 [Source:HGNC Symbol;Acc:HGNC:21387]	0.1073089	
RAP1GAP	RAP1 GTPase activating protein [Source:HGNC Symbol;Acc:HGNC:9858]	0.10729471	
ARHGEF17	Rho guanine nucleotide exchange factor 17 [Source:HGNC Symbol;Acc:HGNC:21726]	0.105762914	
FIG4	FIG4 phosphoinositide 5-phosphatase [Source:HGNC Symbol;Acc:HGNC:16873]	0.103581116	
TENT5A	terminal nucleotidyltransferase 5A [Source:HGNC Symbol;Acc:HGNC:18345]	0.100440584	
LHFPL6	LHFPL tetraspan subfamily member 6 [Source:HGNC Symbol;Acc:HGNC:6586]	0.10022244	
CRACD	capping protein inhibiting regulator of actin dynamics [Source:HGNC Symbol;Acc:HGNC:29219]	0.09924335	
VASH1	vasohibin 1 [Source:HGNC Symbol;Acc:HGNC:19964]	0.098600775	
MAN1C1	mannosidase alpha class 1C member 1 [Source:HGNC Symbol;Acc:HGNC:19080]	0.09191084	
SFMBT1	Scm like with four mbt domains 1 [Source:HGNC Symbol;Acc:HGNC:20255]	0.09041355	
ADAM12	ADAM metallopeptidase domain 12 [Source:HGNC Symbol;Acc:HGNC:190]	0.09015066	
RYR2	ryanodine receptor 2 [Source:HGNC Symbol;Acc:HGNC:10484]	0.088443264	
AREL1	apoptosis resistant E3 ubiquitin protein ligase 1 [Source:HGNC Symbol;Acc:HGNC:20363]	0.087308966	
RAB35	RAB35, member RAS oncogene family [Source:HGNC Symbol;Acc:HGNC:9774]	0.08603194	
ZNF423	zinc finger protein 423 [Source:HGNC Symbol;Acc:HGNC:16762]	0.083255365	
KCNJ6	potassium inwardly rectifying channel subfamily J member 6 [Source:HGNC Symbol;Acc:HGNC:6267]	0.08249619	
TMCC1	transmembrane and coiled-coil domain family 1 [Source:HGNC Symbol;Acc:HGNC:29116]	0.082051694	
ARHGEF25	Rho guanine nucleotide exchange factor 25 [Source:HGNC Symbol;Acc:HGNC:30275]	0.08069468	
IGLON5	IgLON family member 5 [Source:HGNC Symbol;Acc:HGNC:34550]	0.07939089	
SNORA81	small nucleolar RNA, H/ACA box 81 [Source:HGNC Symbol;Acc:HGNC:32667]	0.076487444	
SLCO3A1	solute carrier organic anion transporter family member 3A1 [Source:HGNC Symbol;Acc:HGNC:10952]	0.07621902	
SIKE1	suppressor of IKBKE 1 [Source:HGNC Symbol;Acc:HGNC:26119]	0.07498554	
SYDE2	synapse defective Rho GTPase homolog 2 [Source:HGNC Symbol;Acc:HGNC:25841]	0.074164145	
WDR31	WD repeat domain 31 [Source:HGNC Symbol;Acc:HGNC:21421]	0.0733879	
NPFFR2	neuropeptide FF receptor 2 [Source:HGNC Symbol;Acc:HGNC:4525]	0.07326535	
DNAI3	dynein axonemal intermediate chain 3 [Source:HGNC Symbol;Acc:HGNC:30711]	0.07276307	
SIPA1	signal-induced proliferation-associated 1 [Source:HGNC Symbol;Acc:HGNC:10885]	0.07175266	
FBXO46	F-box protein 46 [Source:HGNC Symbol;Acc:HGNC:25069]	0.07031697	
UBE2O	ubiquitin conjugating enzyme E2 O [Source:HGNC Symbol;Acc:HGNC:29554]	0.06923332	
ELAPOR2	endosome-lysosome associated apoptosis and autophagy regulator family member 2 [Source:HGNC Symbol;Acc:HGNC:21945]	0.067311406	
RNF122	ring finger protein 122 [Source:HGNC Symbol;Acc:HGNC:21147]	0.06580552	
TMEM275	transmembrane protein 275 [Source:HGNC Symbol;Acc:HGNC:53938]	0.06508407	
FAM163B	family with sequence similarity 163 member B [Source:HGNC Symbol;Acc:HGNC:33277]	0.064877644	
CLEC3A	C-type lectin domain family 3 member A [Source:HGNC Symbol;Acc:HGNC:2052]	0.062681094	
MTERF1	mitochondrial transcription termination factor 1 [Source:HGNC Symbol;Acc:HGNC:21463]	0.062298402	
VSTM2B	V-set and transmembrane domain containing 2B [Source:HGNC Symbol;Acc:HGNC:33595]	0.061257973	
TAGAP	T cell activation RhoGTPase activating protein [Source:HGNC Symbol;Acc:HGNC:15669]	0.059698347	
TMEM132C	transmembrane protein 132C [Source:HGNC Symbol;Acc:HGNC:25436]	0.058254268	
RANBP2	RAN binding protein 2 [Source:HGNC Symbol;Acc:HGNC:9848]	0.057969604	
NDUFAF8	NADH:ubiquinone oxidoreductase complex assembly factor 8 [Source:HGNC Symbol;Acc:HGNC:33551]	0.055727463	
UNC13B	unc-13 homolog B [Source:HGNC Symbol;Acc:HGNC:12566]	0.053723976	
ANKRD66	ankyrin repeat domain 66 [Source:HGNC Symbol;Acc:HGNC:44669]	0.053072713	
SMIM10	small integral membrane protein 10 [Source:HGNC Symbol;Acc:HGNC:41913]	0.05182769	
TST	thiosulfate sulfurtransferase [Source:HGNC Symbol;Acc:HGNC:12388]	0.049540825	
GPR45	G protein-coupled receptor 45 [Source:HGNC Symbol;Acc:HGNC:4503]	0.047839377	
TMEM151A	transmembrane protein 151A [Source:HGNC Symbol;Acc:HGNC:28497]	0.0474416	
ARSB	arylsulfatase B [Source:HGNC Symbol;Acc:HGNC:714]	0.047366813	
SRMS	src-related kinase lacking C-terminal regulatory tyrosine and N-terminal myristylation sites [Source:HGNC Symbol;Acc:HGNC:11298]	0.04736438	
MAGI3	membrane associated guanylate kinase, WW and PDZ domain containing 3 [Source:HGNC Symbol;Acc:HGNC:29647]	0.045583352	
TENM2	teneurin transmembrane protein 2 [Source:HGNC Symbol;Acc:HGNC:29943]	0.045181397	
KCNJ15	potassium inwardly rectifying channel subfamily J member 15 [Source:HGNC Symbol;Acc:HGNC:6261]	0.04343495	
RGS9BP	regulator of G protein signaling 9 binding protein [Source:HGNC Symbol;Acc:HGNC:30304]	0.042238794	
GUCY1A2	guanylate cyclase 1 soluble subunit alpha 2 [Source:HGNC Symbol;Acc:HGNC:4684]	0.04152439	
GTPBP8	GTP binding protein 8 (putative) [Source:HGNC Symbol;Acc:HGNC:25007]	0.03973767	
COLGALT1	collagen beta(1-O)galactosyltransferase 1 [Source:HGNC Symbol;Acc:HGNC:26182]	0.039368834	
CCKBR	cholecystokinin B receptor [Source:HGNC Symbol;Acc:HGNC:1571]	0.03669095	
PTPRD	protein tyrosine phosphatase receptor type D [Source:HGNC Symbol;Acc:HGNC:9668]	0.03504487	
PIGG	phosphatidylinositol glycan anchor biosynthesis class G [Source:HGNC Symbol;Acc:HGNC:25985]	0.033949297	
RIMS2	regulating synaptic membrane exocytosis 2 [Source:HGNC Symbol;Acc:HGNC:17283]	0.032319825	
SH3TC1	SH3 domain and tetratricopeptide repeats 1 [Source:HGNC Symbol;Acc:HGNC:26009]	0.02981549	
DOCK4	dedicator of cytokinesis 4 [Source:HGNC Symbol;Acc:HGNC:19192]	0.029067092	
PLCB4	phospholipase C beta 4 [Source:HGNC Symbol;Acc:HGNC:9059]	0.027701054	
AP3B2	adaptor related protein complex 3 subunit beta 2 [Source:HGNC Symbol;Acc:HGNC:567]	0.026816044	
TOM1L2	target of myb1 like 2 membrane trafficking protein [Source:HGNC Symbol;Acc:HGNC:11984]	0.02654714	
ATP11B	ATPase phospholipid transporting 11B (putative) [Source:HGNC Symbol;Acc:HGNC:13553]	0.025136532	
TC2N	tandem C2 domains, nuclear [Source:HGNC Symbol;Acc:HGNC:19859]	0.024255881	
SLC29A4	solute carrier family 29 member 4 [Source:HGNC Symbol;Acc:HGNC:23097]	0.02414738	
CPNE8	copine 8 [Source:HGNC Symbol;Acc:HGNC:23498]	0.02385398	
PITPNC1	phosphatidylinositol transfer protein cytoplasmic 1 [Source:HGNC Symbol;Acc:HGNC:21045]	0.022976909	
AXL	AXL receptor tyrosine kinase [Source:HGNC Symbol;Acc:HGNC:905]	0.0216308	
SLC25A29	solute carrier family 25 member 29 [Source:HGNC Symbol;Acc:HGNC:20116]	0.020164719	
CTBP1	C-terminal binding protein 1 [Source:HGNC Symbol;Acc:HGNC:2494]	0.016135203	
ASTE1	asteroid homolog 1 [Source:HGNC Symbol;Acc:HGNC:25021]	0.013984722	
ANO7	anoctamin 7 [Source:HGNC Symbol;Acc:HGNC:31677]	0.012227756	
GAA	alpha glucosidase [Source:HGNC Symbol;Acc:HGNC:4065]	0.011786025	
CSDC2	cold shock domain containing C2 [Source:HGNC Symbol;Acc:HGNC:30359]	0.0100610545	
COX7A2	cytochrome c oxidase subunit 7A2 [Source:HGNC Symbol;Acc:HGNC:2288]	0.010033959	
SLIT3	slit guidance ligand 3 [Source:HGNC Symbol;Acc:HGNC:11087]	0.008568327	
EML6	EMAP like 6 [Source:HGNC Symbol;Acc:HGNC:35412]	0.0057694507	
TATDN3	TatD DNase domain containing 3 [Source:HGNC Symbol;Acc:HGNC:27010]	0.0041855425	
PLEKHH3	pleckstrin homology, MyTH4 and FERM domain containing H3 [Source:HGNC Symbol;Acc:HGNC:26105]	0.0026109805	
DST	dystonin [Source:HGNC Symbol;Acc:HGNC:1090]	5.8638264E-4	
SNORA38	small nucleolar RNA, H/ACA box 38 [Source:HGNC Symbol;Acc:HGNC:32631]	0.0	
NAMPT	nicotinamide phosphoribosyltransferase [Source:HGNC Symbol;Acc:HGNC:30092]	0.0	
SNORD97	small nucleolar RNA, C/D box 97 [Source:HGNC Symbol;Acc:HGNC:32760]	0.0	
SNORA31	small nucleolar RNA, H/ACA box 31 [Source:HGNC Symbol;Acc:HGNC:32621]	0.0	
SNORD82	small nucleolar RNA, C/D box 82 [Source:HGNC Symbol;Acc:HGNC:10240]	0.0	
SNORA55	small nucleolar RNA, H/ACA box 55 [Source:HGNC Symbol;Acc:HGNC:32649]	0.0	
SNORD6	small nucleolar RNA, C/D box 6 [Source:HGNC Symbol;Acc:HGNC:32703]	0.0	
SNORA77	small nucleolar RNA, H/ACA box 77 [Source:HGNC Symbol;Acc:HGNC:32663]	0.0	
SCARNA14	small Cajal body-specific RNA 14 [Source:HGNC Symbol;Acc:HGNC:32571]	0.0	
SCARNA11	small Cajal body-specific RNA 11 [Source:HGNC Symbol;Acc:HGNC:32568]	0.0	
MIR199B	microRNA 199b [Source:HGNC Symbol;Acc:HGNC:31573]	0.0	
F13A1	coagulation factor XIII A chain [Source:HGNC Symbol;Acc:HGNC:3531]	0.0	
B3GALT9	beta-1,3-galactosyltransferase 9 [Source:HGNC Symbol;Acc:HGNC:53652]	0.0	
RASSF4	Ras association domain family member 4 [Source:HGNC Symbol;Acc:HGNC:20793]	0.0	
TCERG1L	transcription elongation regulator 1 like [Source:HGNC Symbol;Acc:HGNC:23533]	0.0	
SNORD11B	small nucleolar RNA, C/D box 11B [Source:HGNC Symbol;Acc:HGNC:33571]	0.0	
H4C7	H4 clustered histone 7 [Source:HGNC Symbol;Acc:HGNC:4792]	0.0	
RAC1	Rac family small GTPase 1 [Source:HGNC Symbol;Acc:HGNC:9801]	0.0	
SNORD42B	small nucleolar RNA, C/D box 42B [Source:HGNC Symbol;Acc:HGNC:10181]	0.0	
MIR19A	microRNA 19a [Source:HGNC Symbol;Acc:HGNC:31574]	0.0	
RNU6-959P	RNA, U6 small nuclear 959, pseudogene [Source:HGNC Symbol;Acc:HGNC:47922]	0.0	
MIR150	microRNA 150 [Source:HGNC Symbol;Acc:HGNC:31537]	0.0	
SNORD10	small nucleolar RNA, C/D box 10 [Source:HGNC Symbol;Acc:HGNC:32706]	0.0	
CABP4	calcium binding protein 4 [Source:HGNC Symbol;Acc:HGNC:1386]	0.0	
SNORD30	small nucleolar RNA, C/D box 30 [Source:HGNC Symbol;Acc:HGNC:10157]	0.0	
CCDC134	coiled-coil domain containing 134 [Source:HGNC Symbol;Acc:HGNC:26185]	0.0	
SNORD21	small nucleolar RNA, C/D box 21 [Source:HGNC Symbol;Acc:HGNC:10144]	0.0	
MIR96	microRNA 96 [Source:HGNC Symbol;Acc:HGNC:31648]	0.0	
SNORD57	small nucleolar RNA, C/D box 57 [Source:HGNC Symbol;Acc:HGNC:10207]	0.0	
SNORD54	small nucleolar RNA, C/D box 54 [Source:HGNC Symbol;Acc:HGNC:10204]	0.0	
MIR363	microRNA 363 [Source:HGNC Symbol;Acc:HGNC:32023]	0.0	
SNORD46	small nucleolar RNA, C/D box 46 [Source:HGNC Symbol;Acc:HGNC:10186]	0.0	
RGS13	regulator of G protein signaling 13 [Source:HGNC Symbol;Acc:HGNC:9995]	0.0	
RAP1GDS1	Rap1 GTPase-GDP dissociation stimulator 1 [Source:HGNC Symbol;Acc:HGNC:9859]	-0.0024136784	
OTUD7A	OTU deubiquitinase 7A [Source:HGNC Symbol;Acc:HGNC:20718]	-0.0025761893	
FAR2	fatty acyl-CoA reductase 2 [Source:HGNC Symbol;Acc:HGNC:25531]	-0.0038862624	
WARS1	tryptophanyl-tRNA synthetase 1 [Source:HGNC Symbol;Acc:HGNC:12729]	-0.0075903996	
RERG	RAS like estrogen regulated growth inhibitor [Source:HGNC Symbol;Acc:HGNC:15980]	-0.009306969	
SMIM36	small integral membrane protein 36 [Source:HGNC Symbol;Acc:HGNC:53654]	-0.010157618	
FRMD1	FERM domain containing 1 [Source:HGNC Symbol;Acc:HGNC:21240]	-0.010253818	
PPP1CA	protein phosphatase 1 catalytic subunit alpha [Source:HGNC Symbol;Acc:HGNC:9281]	-0.010933333	
SLC16A7	solute carrier family 16 member 7 [Source:HGNC Symbol;Acc:HGNC:10928]	-0.012004261	
STX3	syntaxin 3 [Source:HGNC Symbol;Acc:HGNC:11438]	-0.01271985	
TMEM200C	transmembrane protein 200C [Source:HGNC Symbol;Acc:HGNC:37208]	-0.015226322	
DXO	decapping exoribonuclease [Source:HGNC Symbol;Acc:HGNC:2992]	-0.015397351	
SLC6A13	solute carrier family 6 member 13 [Source:HGNC Symbol;Acc:HGNC:11046]	-0.017032182	
CAMSAP3	calmodulin regulated spectrin associated protein family member 3 [Source:HGNC Symbol;Acc:HGNC:29307]	-0.01783165	
FADS6	fatty acid desaturase 6 [Source:HGNC Symbol;Acc:HGNC:30459]	-0.018122358	
MANEAL	mannosidase endo-alpha like [Source:HGNC Symbol;Acc:HGNC:26452]	-0.018129848	
CTSZ	cathepsin Z [Source:HGNC Symbol;Acc:HGNC:2547]	-0.020424403	
ZNF276	zinc finger protein 276 [Source:HGNC Symbol;Acc:HGNC:23330]	-0.020642769	
SLC15A5	solute carrier family 15 member 5 [Source:HGNC Symbol;Acc:HGNC:33455]	-0.021178091	
PAMR1	peptidase domain containing associated with muscle regeneration 1 [Source:HGNC Symbol;Acc:HGNC:24554]	-0.022448028	
SERP1	stress associated endoplasmic reticulum protein 1 [Source:HGNC Symbol;Acc:HGNC:10759]	-0.024027413	
SEC14L1	SEC14 like lipid binding 1 [Source:HGNC Symbol;Acc:HGNC:10698]	-0.024318434	
INSM2	INSM transcriptional repressor 2 [Source:HGNC Symbol;Acc:HGNC:17539]	-0.02476571	
OSBPL8	oxysterol binding protein like 8 [Source:HGNC Symbol;Acc:HGNC:16396]	-0.029094454	
MZT1	mitotic spindle organizing protein 1 [Source:HGNC Symbol;Acc:HGNC:33830]	-0.029387966	
SLC66A2	solute carrier family 66 member 2 [Source:HGNC Symbol;Acc:HGNC:26188]	-0.029752962	
RASSF10	Ras association domain family member 10 [Source:HGNC Symbol;Acc:HGNC:33984]	-0.029777318	
SPATA48	spermatogenesis associated 48 [Source:HGNC Symbol;Acc:HGNC:22564]	-0.030168978	
TIMM21	translocase of inner mitochondrial membrane 21 [Source:HGNC Symbol;Acc:HGNC:25010]	-0.030598966	
PKN2	protein kinase N2 [Source:HGNC Symbol;Acc:HGNC:9406]	-0.03403421	
NDUFB1	NADH:ubiquinone oxidoreductase subunit B1 [Source:HGNC Symbol;Acc:HGNC:7695]	-0.034549132	
RUNDC1	RUN domain containing 1 [Source:HGNC Symbol;Acc:HGNC:25418]	-0.035018798	
ATG14	autophagy related 14 [Source:HGNC Symbol;Acc:HGNC:19962]	-0.037273545	
UBLCP1	ubiquitin like domain containing CTD phosphatase 1 [Source:HGNC Symbol;Acc:HGNC:28110]	-0.037299834	
OTOP1	otopetrin 1 [Source:HGNC Symbol;Acc:HGNC:19656]	-0.03946008	
TNPO2	transportin 2 [Source:HGNC Symbol;Acc:HGNC:19998]	-0.040289745	
TMEM132D	transmembrane protein 132D [Source:HGNC Symbol;Acc:HGNC:29411]	-0.040417686	
RALGDS	ral guanine nucleotide dissociation stimulator [Source:HGNC Symbol;Acc:HGNC:9842]	-0.04290149	
VSTM2A	V-set and transmembrane domain containing 2A [Source:HGNC Symbol;Acc:HGNC:28499]	-0.04800966	
RASSF5	Ras association domain family member 5 [Source:HGNC Symbol;Acc:HGNC:17609]	-0.050047684	
MEP1B	meprin A subunit beta [Source:HGNC Symbol;Acc:HGNC:7020]	-0.05057474	
GOLPH3	golgi phosphoprotein 3 [Source:HGNC Symbol;Acc:HGNC:15452]	-0.05156297	
ADGRL2	adhesion G protein-coupled receptor L2 [Source:HGNC Symbol;Acc:HGNC:18582]	-0.05230724	
EARS2	glutamyl-tRNA synthetase 2, mitochondrial [Source:HGNC Symbol;Acc:HGNC:29419]	-0.052740004	
SBSPON	somatomedin B and thrombospondin type 1 domain containing [Source:HGNC Symbol;Acc:HGNC:30362]	-0.05505233	
SLC45A4	solute carrier family 45 member 4 [Source:HGNC Symbol;Acc:HGNC:29196]	-0.056858916	
COLEC10	collectin subfamily member 10 [Source:HGNC Symbol;Acc:HGNC:2220]	-0.058158066	
FNDC10	fibronectin type III domain containing 10 [Source:HGNC Symbol;Acc:HGNC:42951]	-0.0581942	
KLHL28	kelch like family member 28 [Source:HGNC Symbol;Acc:HGNC:19741]	-0.059298158	
BNC1	basonuclin 1 [Source:HGNC Symbol;Acc:HGNC:1081]	-0.060306486	
TTC28	tetratricopeptide repeat domain 28 [Source:HGNC Symbol;Acc:HGNC:29179]	-0.06042615	
SCYL2	SCY1 like pseudokinase 2 [Source:HGNC Symbol;Acc:HGNC:19286]	-0.062040493	
KCNB2	potassium voltage-gated channel subfamily B member 2 [Source:HGNC Symbol;Acc:HGNC:6232]	-0.065652415	
ATG2A	autophagy related 2A [Source:HGNC Symbol;Acc:HGNC:29028]	-0.065686464	
DGKD	diacylglycerol kinase delta [Source:HGNC Symbol;Acc:HGNC:2851]	-0.065704204	
SPHK1	sphingosine kinase 1 [Source:HGNC Symbol;Acc:HGNC:11240]	-0.06570696	
DHDH	dihydrodiol dehydrogenase [Source:HGNC Symbol;Acc:HGNC:17887]	-0.06680132	
MSANTD2	Myb/SANT DNA binding domain containing 2 [Source:HGNC Symbol;Acc:HGNC:26266]	-0.06710745	
H3C13	H3 clustered histone 13 [Source:HGNC Symbol;Acc:HGNC:25311]	-0.0680765	
GPATCH2	G-patch domain containing 2 [Source:HGNC Symbol;Acc:HGNC:25499]	-0.068490334	
SLC46A3	solute carrier family 46 member 3 [Source:HGNC Symbol;Acc:HGNC:27501]	-0.06883819	
ERFL	ETS repressor factor like [Source:HGNC Symbol;Acc:HGNC:53894]	-0.0690987	
SCARF2	scavenger receptor class F member 2 [Source:HGNC Symbol;Acc:HGNC:19869]	-0.07024301	
MB21D2	Mab-21 domain containing 2 [Source:HGNC Symbol;Acc:HGNC:30438]	-0.07102265	
ADGRL3	adhesion G protein-coupled receptor L3 [Source:HGNC Symbol;Acc:HGNC:20974]	-0.07109993	
MYO1D	myosin ID [Source:HGNC Symbol;Acc:HGNC:7598]	-0.07171908	
HTRA3	HtrA serine peptidase 3 [Source:HGNC Symbol;Acc:HGNC:30406]	-0.07239405	
FAM72B	family with sequence similarity 72 member B [Source:HGNC Symbol;Acc:HGNC:24805]	-0.0727419	
CAMK2N1	calcium/calmodulin dependent protein kinase II inhibitor 1 [Source:HGNC Symbol;Acc:HGNC:24190]	-0.07299913	
KLHL12	kelch like family member 12 [Source:HGNC Symbol;Acc:HGNC:19360]	-0.07328572	
MYO9B	myosin IXB [Source:HGNC Symbol;Acc:HGNC:7609]	-0.075348146	
CCNB1IP1	cyclin B1 interacting protein 1 [Source:HGNC Symbol;Acc:HGNC:19437]	-0.07539659	
PRLHR	prolactin releasing hormone receptor [Source:HGNC Symbol;Acc:HGNC:4464]	-0.07554304	
GRM7	glutamate metabotropic receptor 7 [Source:HGNC Symbol;Acc:HGNC:4599]	-0.07614962	
CRHR2	corticotropin releasing hormone receptor 2 [Source:HGNC Symbol;Acc:HGNC:2358]	-0.07668656	
MYADM	myeloid associated differentiation marker [Source:HGNC Symbol;Acc:HGNC:7544]	-0.077754885	
SMIM18	small integral membrane protein 18 [Source:HGNC Symbol;Acc:HGNC:42973]	-0.07832814	
SYNPR	synaptoporin [Source:HGNC Symbol;Acc:HGNC:16507]	-0.08078073	
TTC9	tetratricopeptide repeat domain 9 [Source:HGNC Symbol;Acc:HGNC:20267]	-0.08285795	
WDR7	WD repeat domain 7 [Source:HGNC Symbol;Acc:HGNC:13490]	-0.08292175	
INSYN2A	inhibitory synaptic factor 2A [Source:HGNC Symbol;Acc:HGNC:33859]	-0.08501889	
MARF1	meiosis regulator and mRNA stability factor 1 [Source:HGNC Symbol;Acc:HGNC:29562]	-0.08699658	
TMEM164	transmembrane protein 164 [Source:HGNC Symbol;Acc:HGNC:26217]	-0.08851167	
FOXN2	forkhead box N2 [Source:HGNC Symbol;Acc:HGNC:5281]	-0.09018552	
MGAT5B	alpha-1,6-mannosylglycoprotein 6-beta-N-acetylglucosaminyltransferase B [Source:HGNC Symbol;Acc:HGNC:24140]	-0.090451576	
IQSEC1	IQ motif and Sec7 domain ArfGEF 1 [Source:HGNC Symbol;Acc:HGNC:29112]	-0.09198041	
KIF1C	kinesin family member 1C [Source:HGNC Symbol;Acc:HGNC:6317]	-0.09236526	
USP34	ubiquitin specific peptidase 34 [Source:HGNC Symbol;Acc:HGNC:20066]	-0.09324568	
GRB14	growth factor receptor bound protein 14 [Source:HGNC Symbol;Acc:HGNC:4565]	-0.09485008	
HUS1B	HUS1 checkpoint clamp component B [Source:HGNC Symbol;Acc:HGNC:16485]	-0.09493455	
SPEN	spen family transcriptional repressor [Source:HGNC Symbol;Acc:HGNC:17575]	-0.10161585	
EML5	EMAP like 5 [Source:HGNC Symbol;Acc:HGNC:18197]	-0.10498228	
ACOT12	acyl-CoA thioesterase 12 [Source:HGNC Symbol;Acc:HGNC:24436]	-0.10534188	
STMP1	short transmembrane mitochondrial protein 1 [Source:HGNC Symbol;Acc:HGNC:41909]	-0.10586557	
UBE2M	ubiquitin conjugating enzyme E2 M [Source:HGNC Symbol;Acc:HGNC:12491]	-0.10654288	
HOOK3	hook microtubule tethering protein 3 [Source:HGNC Symbol;Acc:HGNC:23576]	-0.10871399	
PRRC2B	proline rich coiled-coil 2B [Source:HGNC Symbol;Acc:HGNC:28121]	-0.109489575	
FAM53C	family with sequence similarity 53 member C [Source:HGNC Symbol;Acc:HGNC:1336]	-0.10972945	
MFSD3	major facilitator superfamily domain containing 3 [Source:HGNC Symbol;Acc:HGNC:25157]	-0.11092201	
ASS1	argininosuccinate synthase 1 [Source:HGNC Symbol;Acc:HGNC:758]	-0.11293745	
COQ10A	coenzyme Q10A [Source:HGNC Symbol;Acc:HGNC:26515]	-0.11497842	
GRIN2B	glutamate ionotropic receptor NMDA type subunit 2B [Source:HGNC Symbol;Acc:HGNC:4586]	-0.11608199	
DUSP26	dual specificity phosphatase 26 [Source:HGNC Symbol;Acc:HGNC:28161]	-0.11688878	
THEM6	thioesterase superfamily member 6 [Source:HGNC Symbol;Acc:HGNC:29656]	-0.11702651	
EGFLAM	EGF like, fibronectin type III and laminin G domains [Source:HGNC Symbol;Acc:HGNC:26810]	-0.117360555	
MARK4	microtubule affinity regulating kinase 4 [Source:HGNC Symbol;Acc:HGNC:13538]	-0.11934056	
MCHR2	melanin concentrating hormone receptor 2 [Source:HGNC Symbol;Acc:HGNC:20867]	-0.12009865	
AP1S2	adaptor related protein complex 1 subunit sigma 2 [Source:HGNC Symbol;Acc:HGNC:560]	-0.12192649	
GNA12	G protein subunit alpha 12 [Source:HGNC Symbol;Acc:HGNC:4380]	-0.124609925	
PHF21B	PHD finger protein 21B [Source:HGNC Symbol;Acc:HGNC:25161]	-0.12495291	
PCP4	Purkinje cell protein 4 [Source:HGNC Symbol;Acc:HGNC:8742]	-0.12545258	
UBA6	ubiquitin like modifier activating enzyme 6 [Source:HGNC Symbol;Acc:HGNC:25581]	-0.12593848	
GALNT10	polypeptide N-acetylgalactosaminyltransferase 10 [Source:HGNC Symbol;Acc:HGNC:19873]	-0.12646188	
TXN	thioredoxin [Source:HGNC Symbol;Acc:HGNC:12435]	-0.1276226	
LRRTM4	leucine rich repeat transmembrane neuronal 4 [Source:HGNC Symbol;Acc:HGNC:19411]	-0.12777536	
VMAC	vimentin type intermediate filament associated coiled-coil protein [Source:HGNC Symbol;Acc:HGNC:33803]	-0.12913583	
SCARNA6	small Cajal body-specific RNA 6 [Source:HGNC Symbol;Acc:HGNC:32562]	-0.13552618	
MRPS12	mitochondrial ribosomal protein S12 [Source:HGNC Symbol;Acc:HGNC:10380]	-0.13850962	
COX5B	cytochrome c oxidase subunit 5B [Source:HGNC Symbol;Acc:HGNC:2269]	-0.1398195	
APCDD1	APC down-regulated 1 [Source:HGNC Symbol;Acc:HGNC:15718]	-0.14062716	
HACD4	3-hydroxyacyl-CoA dehydratase 4 [Source:HGNC Symbol;Acc:HGNC:20920]	-0.14279947	
PITPNM2	phosphatidylinositol transfer protein membrane associated 2 [Source:HGNC Symbol;Acc:HGNC:21044]	-0.14687541	
GK3P	glycerol kinase 3 pseudogene [Source:HGNC Symbol;Acc:HGNC:4292]	-0.14706858	
MDFI	MyoD family inhibitor [Source:HGNC Symbol;Acc:HGNC:6967]	-0.14714716	
FAM107A	family with sequence similarity 107 member A [Source:HGNC Symbol;Acc:HGNC:30827]	-0.1486407	
PDPR	pyruvate dehydrogenase phosphatase regulatory subunit [Source:HGNC Symbol;Acc:HGNC:30264]	-0.14908001	
RAB19	RAB19, member RAS oncogene family [Source:HGNC Symbol;Acc:HGNC:19982]	-0.14966235	
TANC2	tetratricopeptide repeat, ankyrin repeat and coiled-coil containing 2 [Source:HGNC Symbol;Acc:HGNC:30212]	-0.1511012	
GGT7	gamma-glutamyltransferase 7 [Source:HGNC Symbol;Acc:HGNC:4259]	-0.1547671	
GALNT3	polypeptide N-acetylgalactosaminyltransferase 3 [Source:HGNC Symbol;Acc:HGNC:4125]	-0.1556558	
MTUS2	microtubule associated scaffold protein 2 [Source:HGNC Symbol;Acc:HGNC:20595]	-0.16137269	
UBL4A	ubiquitin like 4A [Source:HGNC Symbol;Acc:HGNC:12505]	-0.16180088	
B3GAT1	beta-1,3-glucuronyltransferase 1 [Source:HGNC Symbol;Acc:HGNC:921]	-0.16197032	
TULP1	TUB like protein 1 [Source:HGNC Symbol;Acc:HGNC:12423]	-0.16323715	
EFEMP1	EGF containing fibulin extracellular matrix protein 1 [Source:HGNC Symbol;Acc:HGNC:3218]	-0.16366136	
KCNH8	potassium voltage-gated channel subfamily H member 8 [Source:HGNC Symbol;Acc:HGNC:18864]	-0.1651448	
UBB	ubiquitin B [Source:HGNC Symbol;Acc:HGNC:12463]	-0.16559978	
LSM2	LSM2 homolog, U6 small nuclear RNA and mRNA degradation associated [Source:HGNC Symbol;Acc:HGNC:13940]	-0.17077321	
PLBD2	phospholipase B domain containing 2 [Source:HGNC Symbol;Acc:HGNC:27283]	-0.17419338	
ELAPOR1	endosome-lysosome associated apoptosis and autophagy regulator 1 [Source:HGNC Symbol;Acc:HGNC:29618]	-0.17594737	
LEPROTL1	leptin receptor overlapping transcript like 1 [Source:HGNC Symbol;Acc:HGNC:6555]	-0.17684358	
RNF224	ring finger protein 224 [Source:HGNC Symbol;Acc:HGNC:41912]	-0.17829672	
MRAS	muscle RAS oncogene homolog [Source:HGNC Symbol;Acc:HGNC:7227]	-0.17889653	
ENKD1	enkurin domain containing 1 [Source:HGNC Symbol;Acc:HGNC:25246]	-0.18163425	
ZBTB26	zinc finger and BTB domain containing 26 [Source:HGNC Symbol;Acc:HGNC:23383]	-0.18205775	
ZC3H12A	zinc finger CCCH-type containing 12A [Source:HGNC Symbol;Acc:HGNC:26259]	-0.1827219	
MSMP	microseminoprotein, prostate associated [Source:HGNC Symbol;Acc:HGNC:29663]	-0.18342666	
BMERB1	bMERB domain containing 1 [Source:HGNC Symbol;Acc:HGNC:19213]	-0.18490542	
CEP170B	centrosomal protein 170B [Source:HGNC Symbol;Acc:HGNC:20362]	-0.18868335	
GFUS	GDP-L-fucose synthase [Source:HGNC Symbol;Acc:HGNC:12390]	-0.19119842	
TMEM8B	transmembrane protein 8B [Source:HGNC Symbol;Acc:HGNC:21427]	-0.19294965	
LAMP5	lysosomal associated membrane protein family member 5 [Source:HGNC Symbol;Acc:HGNC:16097]	-0.19344033	
MAJIN	membrane anchored junction protein [Source:HGNC Symbol;Acc:HGNC:27441]	-0.19371295	
ELOB	elongin B [Source:HGNC Symbol;Acc:HGNC:11619]	-0.19371295	
NPC1L1	NPC1 like intracellular cholesterol transporter 1 [Source:HGNC Symbol;Acc:HGNC:7898]	-0.19752742	
CMKLR1	chemerin chemokine-like receptor 1 [Source:HGNC Symbol;Acc:HGNC:2121]	-0.19759949	
SLA	Src like adaptor [Source:HGNC Symbol;Acc:HGNC:10902]	-0.19759949	
GFOD1	glucose-fructose oxidoreductase domain containing 1 [Source:HGNC Symbol;Acc:HGNC:21096]	-0.19840738	
MDFIC2	MyoD family inhibitor domain containing 2 [Source:HGNC Symbol;Acc:HGNC:53442]	-0.20307289	
DOCK9	dedicator of cytokinesis 9 [Source:HGNC Symbol;Acc:HGNC:14132]	-0.20701905	
SLC9B2	solute carrier family 9 member B2 [Source:HGNC Symbol;Acc:HGNC:25143]	-0.2087629	
TMEM216	transmembrane protein 216 [Source:HGNC Symbol;Acc:HGNC:25018]	-0.21308967	
DMWD	DM1 locus, WD repeat containing [Source:HGNC Symbol;Acc:HGNC:2936]	-0.21399163	
TSTD1	thiosulfate sulfurtransferase like domain containing 1 [Source:HGNC Symbol;Acc:HGNC:35410]	-0.21483149	
SERP2	stress associated endoplasmic reticulum protein family member 2 [Source:HGNC Symbol;Acc:HGNC:20607]	-0.21521004	
SPATA1	spermatogenesis associated 1 [Source:HGNC Symbol;Acc:HGNC:14682]	-0.21532221	
PDCL3	phosducin like 3 [Source:HGNC Symbol;Acc:HGNC:28860]	-0.21573606	
SH2B2	SH2B adaptor protein 2 [Source:HGNC Symbol;Acc:HGNC:17381]	-0.21581377	
METTL21C	methyltransferase 21C, AARS1 lysine [Source:HGNC Symbol;Acc:HGNC:33717]	-0.21828248	
CSKMT	citrate synthase lysine methyltransferase [Source:HGNC Symbol;Acc:HGNC:33113]	-0.22077511	
SLC5A10	solute carrier family 5 member 10 [Source:HGNC Symbol;Acc:HGNC:23155]	-0.23002502	
JMJD8	jumonji domain containing 8 [Source:HGNC Symbol;Acc:HGNC:14148]	-0.23036803	
WSCD1	WSC domain containing 1 [Source:HGNC Symbol;Acc:HGNC:29060]	-0.23230389	
PSTK	phosphoseryl-tRNA kinase [Source:HGNC Symbol;Acc:HGNC:28578]	-0.23291755	
NCEH1	neutral cholesterol ester hydrolase 1 [Source:HGNC Symbol;Acc:HGNC:29260]	-0.24092272	
LTN1	listerin E3 ubiquitin protein ligase 1 [Source:HGNC Symbol;Acc:HGNC:13082]	-0.24151942	
EIF2AK4	eukaryotic translation initiation factor 2 alpha kinase 4 [Source:HGNC Symbol;Acc:HGNC:19687]	-0.24330327	
METTL18	methyltransferase like 18 [Source:HGNC Symbol;Acc:HGNC:28793]	-0.24371666	
TCF24	transcription factor 24 [Source:HGNC Symbol;Acc:HGNC:32275]	-0.24470559	
XRCC2	X-ray repair cross complementing 2 [Source:HGNC Symbol;Acc:HGNC:12829]	-0.24631123	
SPDEF	SAM pointed domain containing ETS transcription factor [Source:HGNC Symbol;Acc:HGNC:17257]	-0.24703324	
SHLD2	shieldin complex subunit 2 [Source:HGNC Symbol;Acc:HGNC:28773]	-0.24810739	
SLC5A7	solute carrier family 5 member 7 [Source:HGNC Symbol;Acc:HGNC:14025]	-0.2522531	
LIN28A	lin-28 homolog A [Source:HGNC Symbol;Acc:HGNC:15986]	-0.25326493	
TPGS1	tubulin polyglutamylase complex subunit 1 [Source:HGNC Symbol;Acc:HGNC:25058]	-0.25334218	
XPO1	exportin 1 [Source:HGNC Symbol;Acc:HGNC:12825]	-0.25451443	
TMEM114	transmembrane protein 114 [Source:HGNC Symbol;Acc:HGNC:33227]	-0.25488615	
ARHGAP6	Rho GTPase activating protein 6 [Source:HGNC Symbol;Acc:HGNC:676]	-0.25644207	
SAT2	spermidine/spermine N1-acetyltransferase family member 2 [Source:HGNC Symbol;Acc:HGNC:23160]	-0.2567651	
FOXL3	forkhead box L3 [Source:HGNC Symbol;Acc:HGNC:54201]	-0.26634532	
TMEM235	transmembrane protein 235 [Source:HGNC Symbol;Acc:HGNC:27563]	-0.2716278	
GCA	grancalcin [Source:HGNC Symbol;Acc:HGNC:15990]	-0.27349222	
MDFIC	MyoD family inhibitor domain containing [Source:HGNC Symbol;Acc:HGNC:28870]	-0.2742311	
DYNC2H1	dynein cytoplasmic 2 heavy chain 1 [Source:HGNC Symbol;Acc:HGNC:2962]	-0.27525157	
TMEM19	transmembrane protein 19 [Source:HGNC Symbol;Acc:HGNC:25605]	-0.27563637	
UST	uronyl 2-sulfotransferase [Source:HGNC Symbol;Acc:HGNC:17223]	-0.28463593	
CACNA2D1	calcium voltage-gated channel auxiliary subunit alpha2delta 1 [Source:HGNC Symbol;Acc:HGNC:1399]	-0.28658763	
MYG1	MYG1 exonuclease [Source:HGNC Symbol;Acc:HGNC:17590]	-0.29490897	
F2RL3	F2R like thrombin or trypsin receptor 3 [Source:HGNC Symbol;Acc:HGNC:3540]	-0.29500234	
SLC2A13	solute carrier family 2 member 13 [Source:HGNC Symbol;Acc:HGNC:15956]	-0.29811126	
SH3RF3	SH3 domain containing ring finger 3 [Source:HGNC Symbol;Acc:HGNC:24699]	-0.29818526	
RAMP1	receptor activity modifying protein 1 [Source:HGNC Symbol;Acc:HGNC:9843]	-0.3015412	
GNG4	G protein subunit gamma 4 [Source:HGNC Symbol;Acc:HGNC:4407]	-0.30519205	
H2BK1	H2B.K variant histone 1 [Source:HGNC Symbol;Acc:HGNC:53833]	-0.32173115	
CDPF1	cysteine rich DPF motif domain containing 1 [Source:HGNC Symbol;Acc:HGNC:33710]	-0.32352248	
PSMD2	proteasome 26S subunit ubiquitin receptor, non-ATPase 2 [Source:HGNC Symbol;Acc:HGNC:9559]	-0.3240484	
NPAS3	neuronal PAS domain protein 3 [Source:HGNC Symbol;Acc:HGNC:19311]	-0.33231983	
LRRC56	leucine rich repeat containing 56 [Source:HGNC Symbol;Acc:HGNC:25430]	-0.3402647	
USP53	ubiquitin specific peptidase 53 [Source:HGNC Symbol;Acc:HGNC:29255]	-0.34066993	
PKHD1L1	PKHD1 like 1 [Source:HGNC Symbol;Acc:HGNC:20313]	-0.34231278	
RAMP3	receptor activity modifying protein 3 [Source:HGNC Symbol;Acc:HGNC:9845]	-0.3428773	
TMEM87B	transmembrane protein 87B [Source:HGNC Symbol;Acc:HGNC:25913]	-0.3437482	
SLC39A11	solute carrier family 39 member 11 [Source:HGNC Symbol;Acc:HGNC:14463]	-0.35007313	
RASL10B	RAS like family 10 member B [Source:HGNC Symbol;Acc:HGNC:30295]	-0.36309078	
VIT	vitrin [Source:HGNC Symbol;Acc:HGNC:12697]	-0.3658716	
MRPL49	mitochondrial ribosomal protein L49 [Source:HGNC Symbol;Acc:HGNC:1176]	-0.38138643	
COA4	cytochrome c oxidase assembly factor 4 homolog [Source:HGNC Symbol;Acc:HGNC:24604]	-0.38999707	
MCUR1	mitochondrial calcium uniporter regulator 1 [Source:HGNC Symbol;Acc:HGNC:21097]	-0.39041463	
ATE1	arginyltransferase 1 [Source:HGNC Symbol;Acc:HGNC:782]	-0.39101714	
FLNB	filamin B [Source:HGNC Symbol;Acc:HGNC:3755]	-0.40845945	
APBA3	amyloid beta precursor protein binding family A member 3 [Source:HGNC Symbol;Acc:HGNC:580]	-0.4137255	
CALHM1	calcium homeostasis modulator 1 [Source:HGNC Symbol;Acc:HGNC:23494]	-0.4160468	
F2R	coagulation factor II thrombin receptor [Source:HGNC Symbol;Acc:HGNC:3537]	-0.41847265	
UTP14C	UTP14C small subunit processome component [Source:HGNC Symbol;Acc:HGNC:20321]	-0.41950116	
KCNK12	potassium two pore domain channel subfamily K member 12 [Source:HGNC Symbol;Acc:HGNC:6274]	-0.42195547	
MAP3K11	mitogen-activated protein kinase kinase kinase 11 [Source:HGNC Symbol;Acc:HGNC:6850]	-0.42496756	
KCTD15	potassium channel tetramerization domain containing 15 [Source:HGNC Symbol;Acc:HGNC:23297]	-0.43149474	
ERG28	ergosterol biosynthesis 28 homolog [Source:HGNC Symbol;Acc:HGNC:1187]	-0.44826168	
GPR180	G protein-coupled receptor 180 [Source:HGNC Symbol;Acc:HGNC:28899]	-0.4509041	
SGPP2	sphingosine-1-phosphate phosphatase 2 [Source:HGNC Symbol;Acc:HGNC:19953]	-0.4517592	
PAQR9	progestin and adipoQ receptor family member 9 [Source:HGNC Symbol;Acc:HGNC:30131]	-0.4810217	
SYDE1	synapse defective Rho GTPase homolog 1 [Source:HGNC Symbol;Acc:HGNC:25824]	-0.4957658	
WDR1	WD repeat domain 1 [Source:HGNC Symbol;Acc:HGNC:12754]	-0.5007344	
GDPGP1	GDP-D-glucose phosphorylase 1 [Source:HGNC Symbol;Acc:HGNC:34360]	-0.5173879	
TCIM	transcriptional and immune response regulator [Source:HGNC Symbol;Acc:HGNC:1357]	-0.53273606	
SCARNA13	small Cajal body-specific RNA 13 [Source:HGNC Symbol;Acc:HGNC:32570]	-0.5361885	
PYURF	PIGY upstream open reading frame [Source:HGNC Symbol;Acc:HGNC:44317]	-0.5481149	
TIMM22	translocase of inner mitochondrial membrane 22 [Source:HGNC Symbol;Acc:HGNC:17317]	-0.55602247	
GM2A	GM2 ganglioside activator [Source:HGNC Symbol;Acc:HGNC:4367]	-0.57612926	
SBNO2	strawberry notch homolog 2 [Source:HGNC Symbol;Acc:HGNC:29158]	-0.5813044	
BOLA2	bolA family member 2 [Source:HGNC Symbol;Acc:HGNC:29488]	-0.6216465	
G3BP2	G3BP stress granule assembly factor 2 [Source:HGNC Symbol;Acc:HGNC:30291]	-0.65425885	
HPDL	4-hydroxyphenylpyruvate dioxygenase like [Source:HGNC Symbol;Acc:HGNC:28242]	-0.661266	
CFAP77	cilia and flagella associated protein 77 [Source:HGNC Symbol;Acc:HGNC:33776]	-0.6847352	
AK6	adenylate kinase 6 [Source:HGNC Symbol;Acc:HGNC:49151]	-0.7247844	
YIPF5	Yip1 domain family member 5 [Source:HGNC Symbol;Acc:HGNC:24877]	-0.83795935	
XPO5	exportin 5 [Source:HGNC Symbol;Acc:HGNC:17675]	-0.8702735	
MTERF4	mitochondrial transcription termination factor 4 [Source:HGNC Symbol;Acc:HGNC:28785]	-0.9520676	
KYAT3	kynurenine aminotransferase 3 [Source:HGNC Symbol;Acc:HGNC:33238]	-1.1228567	
